Domain,Phishing
google.com,1
g00gle.com,1
goggle.com,1
google.co,1
go0gle.com,1
googl3.com,1
go0gle.net,1
googIe.com,1
googler.com,1
gooogle.com,1
google-update.com,1
youtube.com,1
youtuube.com,1
youtbe.com,1
ytube.com,1
youutube.com,1
you-tube.com,1
youtu.be,1
you-tub.com,1
yotube.com,1
yutube.com,1
you-tube.org,1
facebook.com,1
facebo0k.com,1
fb.com,1
facebok.com,1
faceboook.com,1
faebook.com,1
facebook.co,1
favebook.com,1
fbbook.com,1
faceb00k.net,1
fac3book.com,1
pornhub.com,1
pornub.com,1
pornhub.net,1
pornhub.co,1
p0rnhub.com,1
pornhub.vip,1
porn-hub.com,1
pornhubb.com,1
p0rnhub.net,1
porn3hub.com,1
pornhub.online,1
xvideos.com,1
xvidoes.com,1
xvideos.co,1
xvideos.net,1
xvide0s.com,1
xv1deos.com,1
xvidz.com,1
xvidios.com,1
xvidoes.net,1
xvideos.me,1
xvideoshub.com,1
twitter.com,1
tw1tter.com,1
twitter.co,1
twetter.com,1
twiiter.com,1
twwitter.com,1
twitte.com,1
twittr.com,1
tpitter.com,1
twitpr.com,1
tweeter.com,1
wikipedia.org,1
wikipedai.org,1
wikipedai.com,1
wikpedia.org,1
wiipedia.org,1
wikipedaa.org,1
wikipediia.org,1
wkhpedia.org,1
wikipediia.com,1
0wikipedia.org,1
wikip3dia.org,1
reddit.com,1
rddit.com,1
reedit.com,1
r3ddit.com,1
redd1t.com,1
r3ditt.com,1
reditt.com,1
rrddit.com,1
rdeit.com,1
re3ddit.com,1
redid.com,1
instagram.com,1
instgram.com,1
instag3ram.com,1
instagtam.com,1
inst4gram.com,1
igstagram.com,1
instagaram.com,1
instagran.com,1
instgr.am,1
insta-gram.com,1
instagrame.com,1
asura.gg,1
asura.gg,1
asura-g.com,1
asuragg.com,1
asura-g.gr,1
asura.ggl,1
asura-g.g,1
asuragg.net,1
asurag.com,1
asur4.gg,1
asuragz.gg,1
chapmanganato.com,1
chapmanga.com,1
chapmanganato.net,1
chapmanggato.com,1
chapmangato.com,1
chapmanganto.com,1
chapmanganto.net,1
chapmangannto.com,1
chapmangaato.com,1
chapmanganato.co,1
chapmangnto.com,1
xnxx.com,1
xnxx.co,1
xnnxx.com,1
xxnxx.com,1
xnxxs.com,1
xnx3.com,1
xnxx.net,1
xnnxxt.com,1
xnnx.com,1
xnxx.info,1
xnx-services.com,1
lectortmo.com,1
lectoritmo.com,1
lectormo.com,1
lectortmmo.com,1
lectortimo.com,1
lectortm0.com,1
lector-tmo.com,1
lectortmod.com,1
lectormanga.com,1
lectoritmo.com,1
lectormo.co,1
yahoo.com,1
yaoo.com,1
yah00.com,1
yho.com,1
yah0o.com,1
yahoomail.com,1
yah0o.net,1
yah0o.org,1
yohoo.com,1
yaho.co,1
youhoo.com,1
spankbang.com,1
spankbng.com,1
spankbang.net,1
spankb4ng.com,1
sponkbang.com,1
spankbango.com,1
spankban.com,1
spankbaang.com,1
spaankbang.com,1
spakbang.com,1
spankbbang.com,1
amazon.com,1
amzon.com,1
amaz0n.com,1
amaxon.com,1
amazn.com,1
amizon.com,1
amaazon.com,1
amazom.com,1
amaozn.com,1
amazon.co,1
amz0n.com,1
xhamster.com,1
xhaamster.com,1
xhamstr.com,1
xhameter.com,1
xh4mster.com,1
xhamstr.org,1
xhamster.net,1
xh4mster.com,1
xhamst3r.com,1
xhamster.co,1
xhamstr.com,1
weather.com,1
weaather.com,1
weatherr.com,1
weathr.com,1
weahter.com,1
wether.com,1
weath3r.com,1
weth4.com,1
weatheer.com,1
weathher.com,1
weather.co,1
fandom.com,1
fand0m.com,1
fanndom.com,1
femdom.com,1
fan0dom.com,1
fandm.com,1
faandom.com,1
fan-dom.com,1
fandpm.com,1
fnandom.com,1
fandom.co,1
yandex.ru,1
yanex.ru,1
yandek.ru,1
yandex.com,1
yandecks.ru,1
yandx.ru,1
yandx.com,1
yandex.su,1
yandx.org,1
yandx.net,1
yandx.ry,1
nhentai.net,1
nhtentai.com,1
nh2entai.net,1
nhentai.co,1
nheentai.net,1
nhtaintai.net,1
nhentai.org,1
ninentai.net,1
nhen.com,1
nhentai.net,1
nheentai.com,1
tiktok.com,1
tik.tok,1
ticktok.com,1
tiktok.co,1
tikt0k.com,1
tikt0k.org,1
ttiktok.com,1
tiktokk.com,1
tikok.com,1
tktok.com,1
toktik.com,1
exdynsrv.com,1
exdynsrf.com,1
exdyensrv.com,1
exdynsrv.co,1
exdynsvr.com,1
xexdynsrv.com,1
exdynsrve.com,1
exdyensrv.net,1
exdynrs.com,1
exdyner.com,1
exdynamics.com,1
yahoo.com,1
yah00.com,1
yhoo.com,1
yahoc.com,1
yaho.com,1
yah0o.com,1
ya-hoo.com,1
yahou.com,1
yaahoo.com,1
yaa-hoo.com,1
ya0ho.com,1
manganato.com,1
mangnato.com,1
manganatoo.com,1
manganato.net,1
nganato.com,1
mangnato.net,1
mangnato.co,1
menangato.com,1
mangaanto.com,1
managato.com,1
mangatnot.com,1
duckduckgo.com,1
duckduqgo.com,1
duckuksgo.com,1
duckduckg0.com,1
duckcuckgo.com,1
duckdckgo.com,1
duckudkgo.com,1
duckgo.co,1
duckduggo.com,1
dukduckgo.com,1
duckbucketgo.com,1
xhamster18.desi,1
xhamster1d8.desi,1
xhamster18.co,1
xhamster18-desi.com,1
xhamster18d.com,1
xhamstr18.desi,1
xh18aster.desi,1
xhamsterd8.desi,1
xhamster81.desi,1
xhamster18.site,1
xhamster18.desi,1
animeflv.net,1
animeflv.co,1
animef.lv,1
anim3flv.net,1
animefle.net,1
animeflv.info,1
an1meflv.net,1
animeflv.org,1
animiflv.net,1
animflv.net,1
anmeflv.net,1
search-hub.com,1
search-hub.net,1
searchhub.com,1
searchh.ub,1
search-hub.co,1
sarch-hub.com,1
searhhub.com,1
searc-hub.com,1
searc-hub.net,1
searchhub.net,1
s3archhub.com,1
livedoor.jp,1
livedor.jp,1
live-door.jp,1
livedoor.co,1
livedoor.net,1
lvivdoodr.jp,1
livedooru.jp,1
uivedoor.jp,1
live-dooor.jp,1
lvedoor.jp,1
livdoor.jp,1
twitch.tv,1
tw1tch.tv,1
twitch.co,1
twtich.tv,1
twich.tv,1
twitchh.tv,1
twitchtv.com,1
itwitch.tv,1
twit.ch,1
twwitch.tv,1
twtich.net,1
blogspot.com,1
blogspot.co,1
blogspt.com,1
bogspot.com,1
blogsp0t.com,1
blogsp0t.org,1
bllogspot.com,1
blogspitt.com,1
blog-sp0t.com,1
bblogspot.com,1
bl0gspot.com,1
bing.com,1
bing.co,1
bng.com,1
binq.com,1
b1ng.com,1
bing.com,1
bing-0.com,1
bing-1.com,1
bingh.com,1
bings.com,1
binng.com,1
dood.re,1
doo.de,1
dod.re,1
doodree.com,1
doood.re,1
doo-d.re,1
dods.re,1
doodr.re,1
doode.re,1
dodd.re,1
d0od.re,1
archiveofourown.org,1
archiveofourown.com,1
archiveofyourown.org,1
archiveofourown.net,1
archive-0fourown.org,1
archveofourown.org,1
achiveofourown.org,1
archiveofour0wn.org,1
archieveofourown.org,1
aarchiveofourown.org,1
archiveofurrown.org,1
rule34.xxx,1
rule34.com,1
rule03.xxx,1
rule34x.com,1
rule-34.xxx,1
rulle34.xxx,1
rule34.xyz,1
34rule.xxx,1
r34ule.xxx,1
rule54.xxx,1
rul34.xxx,1
whatsapp.com,1
whats-app.com,1
whtsapp.com,1
whatzapp.com,1
watsaap.com,1
whstapp.com,1
watsapp.com,1
whatsap.com,1
whatapp.com,1
wahtsapp.com,1
whutsapp.com,1
live.com,1
l1ve.com,1
liv.com,1
live.co,1
l1ve.org,1
liive.com,1
live-s.com,1
1live.com,1
liveonline.com,1
liv0e.com,1
liv5.com,1
bit.ly,1
bitl.ly,1
b1t.ly,1
bitl.com,1
b1tly.com,1
bt.ly,1
bity.ly,1
bitly.com,1
bit.ly,1
b-it.ly,1
bitt.ly,1
vk.com,1
vkk.com,1
vk.co,1
v-k.com,1
vk.com,1
vkkk.com,1
vk0.com,1
vk.ru,1
vkkk.ru,1
vkk.co,1
vkk.com,1
mangabuddy.com,1
manga-buddy.com,1
mangabuddy.org,1
mangabuddy.net,1
mngabuddy.com,1
mangabudy.com,1
managabuddy.com,1
mangabudd.com,1
mangabd.com,1
manga-bud.com,1
mangabuddy.xyz,1
youtu.be,1
youtu9.be,1
you.tube,1
youtu-b.com,1
you2.be,1
youtube.be,1
youtuob.com,1
youtu-b.com,1
youtub3.be,1
you-tube.be,1
you-tube.net,1
linkedin.com,1
linkd.in,1
linkedn.com,1
linkein.com,1
linkd.com,1
likedin.com,1
linkedin.co,1
linkedin.org,1
linkdinn.com,1
lunekedin.com,1
llnked.in,1
quora.com,1
quora.co,1
quora.net,1
quora.org,1
9quora.com,1
quorrra.com,1
quroa.com,1
qoura.com,1
qourra.com,1
quora.come,1
quora.site,1
adsmoloco.com,1
adsmoloc0.com,1
adsmolok.com,1
adsmloco.com,1
adsmol0co.com,1
aedsmoloco.com,1
adsmlocco.com,1
adsmloc0.com,1
adsmoloco.org,1
adsmloco.net,1
a0dsmoloco.com,1
pixiv.net,1
pixiv.co,1
piixiv.net,1
pixiv.org,1
pxiiv.net,1
pixv.net,1
montixiv.net,1
pix-viv.net,1
p-ixiv.net,1
pixivnetwork.com,1
pixiv.com,1
chaturbate.com,1
chatturbate.com,1
chatterbate.com,1
chaturvbate.com,1
chaturate.com,1
chaturbo.com,1
chaturbuate.com,1
chaturbate.co,1
chaturb8.com,1
chaturb8.com,1
chaturbeats.com,1
microsoft.com,1
micrsoft.com,1
micr0soft.com,1
mrsoft.com,1
mitcrosoft.com,1
micros0ft.com,1
ms-microsoft.com,1
micr0sofft.com,1
microsof.com,1
micosoft.com,1
mrcoft.com,1
netflix.com,1
netfllix.com,1
neflix.com,1
netflx.com,1
netfli.com,1
nettflix.com,1
letflix.com,1
nafliix.com,1
netiflx.com,1
netflicks.com,1
netfliix.com,1
hitoi.la,1
hit0i.la,1
hitoi-l.com,1
hit0.i,1
hitoii.la,1
hitoil.la,1
hitoila.com,1
hitoixeira.com,1
hitoi.la,1
hito1i.la,1
hi-toi.la,1
t.me,1
t-mee.com,1
t.meg,1
t.meet,1
t.mee,1
t.me3,1
t4m.me,1
tmem.me,1
tele.me,1
me.com,1
x.me,1
blog.jp,1
bl0g.jp,1
blogg.jp,1
blg.jp,1
b1og.jp,1
bog.jp,1
bljq.jp,1
boog.jp,1
blog.jo,1
blogjapan.com,1
blog.com,1
voiranime.com,1
voiranime.co,1
voieranime.com,1
voranime.com,1
voiranime.net,1
v0ranime.com,1
voiranime.xyz,1
vireanime.com,1
vuiranime.com,1
voira.com,1
voirtanime.com,1
office.com,1
off1ce.com,1
ofcce.com,1
ucce.com,1
office.co,1
oficee.com,1
office-365.com,1
offce.com,1
office1.com,1
officce.com,1
ofice.com,1
naver.com,1
navre.com,1
naver.co,1
nwaver.com,1
naver.org,1
nav3r.com,1
naver.net,1
naver1.com,1
navar.com,1
naveronline.com,1
nav6r.com,1
microsoftonline.com,1
micros0ftonline.com,1
microsoft.online,1
micros0ftonline.org,1
ms-online.com,1
microsoftonline.net,1
microsof-online.com,1
0microsoftonline.com,1
micrsofto.nl,1
micrsoftonline.com,1
microsoftonlne.com,1
asurascans.com,1
asura-scans.com,1
asurascns.com,1
asur0scans.com,1
asurasans.com,1
asura-scans.net,1
asurascans.co,1
asura-scans.org,1
asura-scans.plus,1
asurascans.xyz,1
asurascan.com,1
imdb.com,1
imbd.com,1
imdb.org,1
imdv.com,1
imd-b.com,1
imd.com,1
i-mdb.com,1
imdb.co,1
1mdb.com,1
imdonline.com,1
imdv.net,1
onlyfans.com,1
onlyfans.co,1
0nlyfans.com,1
onlyfan.com,1
only-fans.com,1
onlyfans.net,1
onlyfanz.com,1
onlyfann.com,1
ollyfans.com,1
onyfans.com,1
onlyfan.co,1
chapmanganelo.com,1
chapmanganel0.com,1
chapmangano.com,1
chapmanganelo.org,1
chapmganelo.com,1
chapmanaganelo.com,1
chapmanganel.com,1
chapmanganel0.net,1
chapmanganelo.com,1
chapmanganelz.com,1
chapmanynelo.com,1
komikcast.site,1
komikcaste.site,1
komikcastnet.com,1
komikctas.site,1
komiicast.site,1
komikcast.net,1
komkiccast.site,1
komikcaste.org,1
komikcast.co,1
komkcaste.site,1
komikcat.site,1
ts-tracker.me,1
ts-tracker.org,1
tstracke.me,1
ts-tracker.net,1
tsraacker.me,1
ts-trackor.me,1
ts-tracke.me,1
tstrac.me,1
ts-trak.me,1
ts-track.me,1
ts-trackee.com,1
cnn.com,1
cn.com,1
c1n.com,1
cnnn.com,1
cn.com,1
ccnn.com,1
c-nn.com,1
c.n,1
cnn.org,1
cnn.news,1
cnn.co,1
googlevideo.com,1
googlev1deo.com,1
google-videos.com,1
google.vide0,1
googlevideo.co,1
goo9levideo.com,1
googlevideos.com,1
googleviedos.com,1
g00glevideo.com,1
ggelvideo.com,1
googleveideo.com,1
onelink.me,1
one.link,1
onelinkio.me,1
onelink.co,1
onlink.me,1
one1ink.me,1
onelink.net,1
onel1nk.me,1
1onelink.me,1
onelink.world,1
onelinkd.me,1
walmart.com,1
walmar.com,1
walmtart.com,1
walmrt.com,1
walmar.co,1
wlmrt.com,1
walmar01.com,1
walm4rt.com,1
walmart-online.com,1
walmrt.org,1
wlmrt.co,1
gogoanime.ar,1
gogoanime.com,1
gogoanime.net,1
gogo-anime.ar,1
gogonime.ar,1
gogoanim.ar,1
g0goanime.__,1
gogo-anime.net,1
go-goanime.ar,1
gogoanin.me,1
g0g0anime.com,1
reaperscans.com,1
reaperscns.com,1
reap3rscans.com,1
reaperscan.com,1
reaprscans.com,1
reap3erscans.com,1
reapscans.com,1
reap3rsan.com,1
reape0rscans.com,1
repaerscans.com,1
reapprs.com,1
paypal.com,1
pay-pall.com,1
paypall.com,1
paypall.co,1
paypa1.com,1
paypals.com,1
paypla.com,1
paypayl.com,1
paypall.org,1
paypall.eu,1
payap.com,1
toonily.com,1
toonlily.com,1
toonily.co,1
tonily.com,1
tonily.net,1
toonily.me,1
tonnily.com,1
toonly.com,1
toonil.com,1
tootnlily.com,1
toonil.com,1
hanie.tv,1
haniie.tv,1
hniie.tv,1
haniee.tv,1
hanii.tv,1
hnai.tv,1
hanitv.com,1
hangie.tv,1
hanie.tv,1
hnaie.tv,1
h-anime.tv,1
aliexpress.com,1
aliexpres.com,1
ali-express.com,1
aliexprss.com,1
aleexpress.com,1
ale1express.com,1
aliexpress.org,1
aliexspress.com,1
aeiexpress.com,1
aleexpress.co,1
aliexpres.net,1
lectormanga.com,1
lectormang.com,1
lectormanfa.com,1
lector-manga.com,1
lectormanga.co,1
lectormng.com,1
lectormanga.net,1
lector-manga.org,1
lectemanga.com,1
lectmanga.com,1
lector.amga,1
marca.com,1
maraca.com,1
marcaa.com,1
macra.com,1
marac.com,1
maraca.co,1
mar-k.com,1
mrca.com,1
marc.org,1
mar-ca.com,1
marcr.com,1
mediafire.com,1
mediafir.com,1
mediafier.com,1
mediafire.co,1
medifa.com,1
meidafire.com,1
medai-f.com,1
mediafie.com,1
meidafire.net,1
medifa-fire.com,1
media-fires.com,1
mangago.me,1
mangag0.me,1
mangagofor.me,1
mangag0go.me,1
manga-go.me,1
mangagoge.me,1
m4ngago.me,1
mangag0g0.me,1
managgo.com,1
mgango.me,1
mangago.org,1
livedoor.com,1
live-dor.com,1
lviidoor.com,1
livdoor.net,1
live0door.com,1
livetoor.com,1
liverdoor.com,1
livdeoor.com,1
livedor.com,1
live-door.com,1
liveedor.com,1
webtoon.xyz,1
webtoons.xyz,1
webto.xyz,1
webtoons.co,1
webtoonxoyz.com,1
webtoon.xyz,1
w3btoon.xyz,1
weebtoon.xyz,1
webt00n.xyz,1
w3btoonx.com,1
webton.xyz,1
animixplay.to,1
animxplay.to,1
aniimixplay.to,1
animixplay.com,1
animixplay.co,1
animix-play.to,1
animixplal.to,1
aninxplay.to,1
anmixplay.to,1
animixpla.to,1
animixplay.me,1
bbc.com,1
bbcc.com,1
bbc.co,1
bbcnews.com,1
bbci.com,1
bcb.com,1
bbc.org,1
bbc1.com,1
bbc.co,1
bbc.co,1
bb.com,1
pinterest.com,1
pininterest.com,1
pinterset.com,1
pinteres.com,1
pintersest.com,1
pin-ts.com,1
pineterest.com,1
pintrist.com,1
pinterest.co,1
pinteres.com,1
piterest.com,1
zoo.us,1
zo.us,1
zoosu.com,1
zo.us,1
zoous.net,1
zoou.com,1
z00.us,1
zoo.us,1
zo0.us,1
zoo-us.com,1
zoouy.com,1
mega.nz,1
meqa.nz,1
meg4.nz,1
mega.co,1
mega.nz,1
meganz.co,1
megah.nz,1
meganz.com,1
megas.nz,1
mega-nz.com,1
emega.nz,1
nytimes.com,1
nytimes.co,1
nytime.com,1
nytiimes.com,1
ny-times.com,1
n-y-times.com,1
ny-times.net,1
nytimes.org,1
newyorktimes.com,1
nytimes.coms,1
nytims.com,1
app.link,1
appnk.link,1
app-link.co,1
aap.link,1
app.lin,1
app.lnk,1
app0link.com,1
appmid.link,1
app-link.me,1
applink.co,1
app-links.com,1
mail.ru,1
mailr.ru,1
mail.rue,1
mail-ru.com,1
mai1.ru,1
mai.ru,1
mailu.ru,1
maill.ru,1
mail-ru.net,1
mai.ru,1
mal.ru,1
ebay.com,1
ebai.com,1
eba.com,1
eb4y.com,1
e.bay,1
ebay.co,1
ebys.com,1
1ebay.com,1
eebaay.com,1
e-bay.com,1
ebby.com,1
twimg.com,1
twimg.co,1
twimg.net,1
twimg1.com,1
twi.img,1
twi.mig,1
twwimg.com,1
twmg.com,1
tw1mg.com,1
twimg.org,1
twimg.com,1
discord.com,1
disord.com,1
discod.com,1
diiscord.com,1
discord.co,1
discor.com,1
disxord.com,1
discord1.com,1
dscord.com,1
disccord.com,1
dicord.com,1
github.com,1
github.com,1
git-hub.com,1
github.net,1
github.io,1
giithub.com,1
githb.com,1
gdithub.com,1
git-hub.co,1
gitthub.com,1
gitth.ub,1
nightskyclub.com,1
nightskycl0ub.com,1
nightsskyclub.com,1
nightsy.com,1
nightsky1.com,1
nightskyclub.co,1
nightssky.co,1
nightskycb.com,1
nightsyclub.com,1
nightskyclub.online,1
nightskii.com,1
bbc.co,1
bbc.uk,1
bbco.uk,1
bbc.co,1
bbccom.uk,1
bb.co,1
bbc.couk,1
bbc.co,1
bbcma.co,1
bbc-cont.com,1
bbco.uk,1
spotify.com,1
spotifi.com,1
sp0tify.com,1
spoify.com,1
sp0tify.co,1
spotiiy.com,1
spofdify.com,1
spofity.com,1
spoofy.com,1
sptofiy.com,1
sportsify.com,1
apple.com,1
applo.com,1
appie.com,1
apple.co,1
aple.com,1
ap2le.com,1
apple.org,1
aplee.com,1
appl.com,1
appltree.com,1
ap-ple.com,1
sxyprn.com,1
sxyprn.net,1
sexyprn.com,1
sxyprn.co,1
sxprn.com,1
sxypr0n.com,1
sexy-prn.com,1
sxypln.com,1
sxypn.com,1
sxy-prn.com,1
sxyprm.com,1
1stkissanga.io,1
1stkissanga.com,1
1stkissange.io,1
1stkissang.io,1
firstkissanga.io,1
1stkissang.com,1
firstkisanga.io,1
1skissanga.io,1
1stkissenga.io,1
first-kissanga.io,1
1stkiissanga.io,1
mangakakalot.com,1
mangakakalot.net,1
mangakakatot.com,1
mangakakaloot.com,1
mangakaklot.com,1
mangakakal0t.com,1
mangakanakot.com,1
mngakakalot.com,1
mangakalot.com,1
mangakakalot1.com,1
mangakakal0t.net,1
olympusscanlation.com,1
olympusscanlation.net,1
olympusscanlations.com,1
olympusscanslation.com,1
olympusscansltion.com,1
olympuscanlation.com,1
olympusscanlation.org,1
olympus-scan.com,1
olumpusscanlation.com,1
olmpusscanlation.com,1
olympusscanltion.com,1
syosetu.com,1
syosetu.co,1
syosett.com,1
syoseu.com,1
syosetu.net,1
syosetu.org,1
syosetuonline.com,1
syosetu.xyz,1
sy0setu.com,1
syosetuu.com,1
syosetu.ll,1
affinity.net,1
affinit.net,1
affinity.org,1
affinify.net,1
affnity.net,1
affininty.com,1
affinty.com,1
affinity.me,1
afinitynet.com,1
affinity-n.com,1
affinaties.net,1
